id_player,distance_covered(km/h),top_speed,minutes_played,appearances
250016833,43.71,30.35,360.0,4.0
250105927,41.94,34.55,360.0,4.0
250121533,38.39,35.47,360.0,4.0
250121294,46.61,32.26,360.0,4.0
250160436,44.67,33.39,360.0,4.0
250028211,39.28,31.7,360.0,4.0
250123677,46.72,33.97,360.0,4.0
250055663,37.94,32.48,360.0,4.0
250064188,46.53,29.99,360.0,4.0
250088061,44.88,36.55,360.0,4.0
250189506,44.37,32.14,360.0,4.0
250106969,43.79,31.57,360.0,4.0
50327420,37.76,34.92,360.0,4.0
250070417,49.69,32.23,360.0,4.0
250096309,43.39,31.61,360.0,4.0
250129965,47.3,29.28,360.0,4.0
250004363,43.66,32.02,360.0,4.0
250139207,44.24,32.53,360.0,4.0
250134304,43.12,34.39,360.0,4.0
250127492,42.47,32.29,360.0,4.0
250189363,42.36,32.14,360.0,4.0
250052554,42.09,32.47,360.0,4.0
250134856,41.2,32.85,360.0,4.0
250092668,40.4,32.74,360.0,4.0
250158901,38.97,29.82,360.0,4.0
250136465,38.83,35.36,360.0,4.0
250014042,50.46,29.71,360.0,4.0
250188474,48.36,32.62,360.0,4.0
250134536,47.8,31.14,360.0,4.0
250112217,47.05,29.08,360.0,4.0
250101557,46.86,31.36,360.0,4.0
250187672,46.55,35.56,360.0,4.0
250065419,46.39,33.01,360.0,4.0
250025791,46.33,30.17,360.0,4.0
250014709,45.92,32.82,360.0,4.0
250128120,44.59,35.6,360.0,4.0
250163454,44.4,33.25,360.0,4.0
250123695,44.21,31.3,360.0,4.0
250116734,44.19,33.62,360.0,4.0
250113001,44.1,31.7,360.0,4.0
250102868,43.69,32.82,360.0,4.0
250122983,43.59,32.51,360.0,4.0
250153945,43.29,33.31,360.0,4.0
250079545,43.24,34.27,360.0,4.0
250064444,43.12,33.81,360.0,4.0
250055660,43.11,33.8,360.0,4.0
250077679,43.07,33.66,360.0,4.0
250064064,42.98,33.04,360.0,4.0
250132401,42.89,32.37,360.0,4.0
250121149,42.51,33.23,360.0,4.0
250068808,42.41,31.0,360.0,4.0
250051754,42.31,32.08,360.0,4.0
250053044,42.09,32.27,360.0,4.0
250087118,41.97,33.46,360.0,4.0
250188247,41.49,32.9,360.0,4.0
250174126,41.47,32.46,360.0,4.0
250131901,41.21,33.28,360.0,4.0
250130786,40.68,33.29,360.0,4.0
250127439,40.61,32.79,360.0,4.0
250076126,40.37,34.79,360.0,4.0
250131541,39.15,33.03,360.0,4.0
250000679,39.11,31.25,360.0,4.0
250158476,38.6,32.43,360.0,4.0
250135672,38.59,32.48,360.0,4.0
250017040,38.44,30.16,360.0,4.0
250176201,38.42,31.16,360.0,4.0
250061721,37.24,33.96,360.0,4.0
250121218,37.07,32.26,360.0,4.0
250016616,36.97,31.92,360.0,4.0
250171278,25.36,27.59,360.0,4.0
102420,23.21,24.09,360.0,4.0
250006714,22.1,26.53,360.0,4.0
250063980,21.67,26.7,360.0,4.0
98078,21.18,23.62,360.0,4.0
250121017,20.88,25.77,360.0,4.0
250087102,20.78,23.2,360.0,4.0
250105818,20.74,27.01,360.0,4.0
250012069,19.96,24.14,360.0,4.0
250124006,19.89,22.6,360.0,4.0
97746,19.84,21.24,360.0,4.0
250135068,19.66,24.81,360.0,4.0
250123304,19.64,22.24,360.0,4.0
250105612,19.02,29.6,360.0,4.0
250157134,18.72,23.35,360.0,4.0
74954,18.61,22.89,360.0,4.0
250040573,18.15,27.16,360.0,4.0
250113444,17.81,22.68,360.0,4.0
250085475,17.81,23.12,360.0,4.0
250087938,47.57,31.92,359.0,4.0
250172672,46.79,32.28,359.0,4.0
250090766,43.57,32.31,359.0,4.0
250112978,45.28,32.04,359.0,4.0
250188511,41.51,31.68,359.0,4.0
250091013,38.78,33.51,358.0,4.0
250040471,41.06,31.45,354.0,4.0
250023097,47.03,30.59,354.0,4.0
250067630,38.41,35.17,354.0,4.0
250079003,45.33,31.21,353.0,4.0
250130406,42.93,34.52,352.0,4.0
250096954,39.82,35.55,351.0,4.0
250119181,46.69,31.6,349.0,4.0
104733,34.38,31.89,349.0,4.0
250112122,42.91,32.9,346.0,4.0
250118964,43.64,31.16,345.0,4.0
250132399,42.14,33.13,345.0,4.0
250169706,43.92,35.39,344.0,4.0
250118504,43.38,33.41,344.0,4.0
250181680,39.07,34.57,343.0,4.0
250098471,39.24,31.96,342.0,4.0
250139445,45.62,32.1,341.0,4.0
250042422,44.35,32.38,341.0,4.0
250005343,41.76,29.45,341.0,4.0
250137390,39.27,33.88,340.0,4.0
250064232,43.65,32.5,340.0,4.0
250169730,39.36,32.99,340.0,4.0
250153349,39.28,32.98,339.0,4.0
250101727,41.49,29.61,338.0,4.0
250013022,38.5,34.17,338.0,4.0
250132407,38.38,32.29,337.0,4.0
250097909,39.78,31.95,336.0,4.0
250130234,46.27,33.46,336.0,4.0
250125538,37.33,35.03,336.0,4.0
250162325,40.12,34.07,335.0,4.0
250153849,47.16,32.44,334.0,4.0
250108215,39.57,32.41,334.0,4.0
250128377,37.99,32.87,333.0,4.0
250052469,37.17,34.54,332.0,4.0
250046522,43.01,33.71,332.0,4.0
250161248,39.0,30.14,332.0,4.0
250085751,38.35,30.59,332.0,4.0
250177886,41.76,33.68,331.0,4.0
250085369,36.0,33.28,331.0,4.0
250176450,35.83,31.71,330.0,4.0
250196709,43.43,30.55,330.0,4.0
250096698,44.55,33.53,329.0,4.0
250056159,41.01,31.65,329.0,4.0
250110734,42.75,32.25,328.0,4.0
250102866,41.63,30.13,327.0,4.0
250169764,39.13,33.07,327.0,4.0
250113211,38.54,32.52,325.0,4.0
250168990,39.42,31.69,325.0,4.0
250134138,36.75,35.27,324.0,4.0
250130414,45.03,31.89,323.0,4.0
250103758,33.95,34.86,321.0,4.0
250064252,39.53,30.6,321.0,4.0
250042780,18.77,26.4,321.0,4.0
250124460,39.01,33.24,320.0,4.0
250076357,35.8,34.14,320.0,4.0
250002096,35.21,30.59,318.0,4.0
250089228,33.47,35.59,317.0,4.0
250099180,38.47,32.25,316.0,4.0
250028715,38.52,31.23,315.0,4.0
250101284,36.19,35.23,315.0,4.0
250106709,35.96,32.09,315.0,4.0
97923,21.67,24.91,315.0,4.0
250112880,38.69,33.37,314.0,4.0
250019498,38.67,30.89,314.0,4.0
250099671,39.39,32.04,314.0,4.0
250041770,37.24,31.99,312.0,4.0
250091290,40.63,35.14,310.0,4.0
250064446,38.69,31.19,308.0,4.0
250157930,37.83,33.14,308.0,4.0
250167111,37.32,34.36,308.0,4.0
250146674,38.68,32.63,307.0,4.0
250200228,42.82,32.65,307.0,4.0
250121132,38.1,32.89,307.0,4.0
250140940,37.46,32.09,305.0,4.0
250163623,40.07,33.82,305.0,4.0
250187759,38.49,34.32,305.0,4.0
250061027,43.49,30.42,304.0,4.0
250101534,38.33,32.9,303.0,4.0
250099258,32.04,34.29,303.0,4.0
250196712,33.29,34.34,303.0,4.0
250127111,39.71,33.84,302.0,4.0
250171301,38.22,31.66,302.0,4.0
250076574,30.06,35.67,302.0,4.0
250174822,33.95,34.39,302.0,4.0
250086316,37.22,33.23,302.0,4.0
250171055,36.82,34.16,300.0,4.0
250176453,34.68,31.77,300.0,4.0
250113276,35.31,35.38,297.0,4.0
250163786,36.84,32.98,297.0,4.0
250058258,32.75,33.07,295.0,4.0
250194673,34.0,30.59,294.0,4.0
250051291,18.97,25.51,291.0,4.0
250143693,39.91,31.42,290.0,4.0
250128255,34.69,32.11,290.0,4.0
250106148,35.09,35.94,289.0,4.0
250118391,33.78,32.3,288.0,4.0
250004721,38.33,31.34,288.0,4.0
250129446,34.04,32.1,287.0,4.0
250107477,33.58,32.38,286.0,4.0
250112690,34.49,33.48,285.0,4.0
250017824,35.26,33.52,284.0,4.0
250112803,30.17,33.37,284.0,4.0
250081207,37.28,29.25,283.0,4.0
250104066,36.85,33.35,282.0,4.0
250112969,40.07,32.37,282.0,4.0
250113993,33.39,33.37,282.0,4.0
250121965,29.84,34.24,282.0,4.0
250080553,32.13,32.12,281.0,4.0
250169705,36.56,30.55,280.0,4.0
250172668,34.09,34.29,280.0,4.0
250032786,33.72,30.57,278.0,4.0
250023009,36.47,32.84,276.0,4.0
250027780,33.62,32.3,276.0,4.0
250200308,32.21,33.21,276.0,4.0
250112186,29.85,34.77,276.0,4.0
250127284,33.42,33.15,275.0,4.0
250164991,38.11,31.7,274.0,4.0
250196588,36.09,29.48,272.0,4.0
250198240,32.83,33.54,272.0,4.0
250104075,29.23,31.78,272.0,4.0
250064274,26.62,32.9,271.0,4.0
250041626,31.71,32.9,271.0,4.0
250081921,31.87,31.81,271.0,4.0
250019573,31.19,31.59,271.0,4.0
103335,31.08,30.32,271.0,4.0
250116951,30.6,32.56,271.0,4.0
250145803,32.3,35.4,270.0,3.0
250132323,27.77,35.21,270.0,3.0
250043066,30.48,31.08,270.0,3.0
250063505,30.28,32.63,270.0,3.0
250081553,37.07,31.64,270.0,3.0
250083732,36.13,32.35,270.0,3.0
250148830,31.26,32.09,270.0,3.0
250174149,30.43,33.5,270.0,3.0
250126449,30.08,33.5,270.0,3.0
250117410,29.89,35.05,270.0,3.0
250196586,29.84,31.19,270.0,3.0
250124068,29.54,35.09,270.0,3.0
250160568,28.92,33.25,270.0,3.0
250081721,18.16,25.87,270.0,3.0
250069832,15.94,22.23,270.0,3.0
1907188,15.87,24.57,270.0,3.0
250101144,15.31,26.29,270.0,3.0
250066131,15.02,23.1,270.0,3.0
250078922,14.27,25.15,270.0,3.0
250102035,36.02,32.46,269.0,4.0
250081223,32.85,31.09,269.0,4.0
250115192,34.21,33.43,269.0,4.0
250119677,31.69,33.16,268.0,4.0
250135416,31.41,32.91,268.0,3.0
250103243,30.81,31.68,267.0,3.0
250112974,30.56,31.79,266.0,4.0
250079677,31.14,32.51,266.0,3.0
250078012,34.4,32.91,265.0,4.0
250135339,36.05,31.63,265.0,3.0
250076631,33.27,31.98,264.0,4.0
250138382,29.77,33.85,264.0,3.0
250200313,28.72,32.51,263.0,4.0
250171283,34.33,31.4,263.0,3.0
250129341,36.06,30.1,262.0,3.0
250142271,36.22,31.69,261.0,4.0
250173126,33.36,32.15,261.0,4.0
250122213,33.59,34.06,259.0,4.0
250064027,31.48,30.49,259.0,4.0
250066886,29.31,33.69,259.0,3.0
250024456,30.77,33.72,258.0,4.0
1905153,30.49,31.78,258.0,4.0
250086037,31.18,31.13,258.0,4.0
250096849,30.23,33.16,257.0,4.0
250065301,34.55,30.63,257.0,4.0
250078593,34.48,30.83,257.0,3.0
250139010,28.96,31.22,257.0,3.0
250092517,32.24,32.11,256.0,3.0
1909917,37.39,29.43,255.0,4.0
250129746,33.23,32.98,255.0,4.0
250177497,31.75,33.65,254.0,4.0
250105717,30.08,34.44,253.0,3.0
250106939,28.78,31.84,252.0,3.0
250128451,31.02,32.94,251.0,3.0
250086263,26.44,32.88,251.0,3.0
250171184,32.84,31.29,250.0,4.0
250172673,31.33,34.14,249.0,4.0
250189052,27.91,31.37,249.0,3.0
250145845,30.18,34.06,248.0,4.0
250101444,34.78,31.82,248.0,4.0
250024370,32.36,31.46,247.0,4.0
250159544,31.41,33.04,247.0,3.0
250187238,29.03,33.81,246.0,4.0
250029535,35.25,28.82,246.0,4.0
250024349,32.38,30.78,245.0,4.0
250089225,34.38,30.41,245.0,3.0
250153402,29.83,33.46,244.0,4.0
250156459,26.41,34.05,244.0,4.0
250068733,28.46,30.28,244.0,3.0
50327428,27.22,32.03,244.0,3.0
250127538,30.95,35.53,243.0,3.0
250171067,30.05,34.01,243.0,3.0
250116904,32.97,32.85,242.0,4.0
250161140,29.04,32.36,241.0,4.0
250056566,29.57,32.94,239.0,4.0
250101201,14.22,24.91,239.0,3.0
250091828,29.77,35.03,238.0,4.0
250174063,29.73,34.08,234.0,4.0
250124169,28.44,31.92,234.0,3.0
250188223,27.41,35.13,234.0,3.0
250187221,27.29,32.86,233.0,4.0
250144858,29.09,28.05,233.0,3.0
250124430,28.78,31.82,232.0,4.0
250172907,28.78,33.84,231.0,3.0
250156457,30.91,31.04,230.0,4.0
250132730,28.89,34.08,229.0,4.0
250183519,26.51,30.97,228.0,4.0
250113103,30.56,32.85,227.0,4.0
250097638,28.05,29.83,227.0,4.0
250059115,29.05,27.46,226.0,3.0
250058227,29.64,33.44,225.0,4.0
250147342,27.63,34.15,225.0,3.0
250040521,28.29,32.39,225.0,3.0
250193541,26.26,32.23,225.0,3.0
250156002,27.17,31.67,225.0,3.0
250079279,28.89,31.12,224.0,4.0
250132831,27.08,33.76,224.0,4.0
250022829,28.71,31.44,223.0,3.0
250117405,27.81,33.37,223.0,3.0
250086789,28.94,32.81,222.0,4.0
250112400,26.61,34.14,222.0,4.0
250135101,27.75,29.03,220.0,3.0
250106967,25.55,32.93,220.0,3.0
250112224,28.61,34.3,218.0,4.0
250005335,28.24,27.85,218.0,4.0
250163400,30.33,32.3,218.0,4.0
250141861,24.28,32.28,218.0,3.0
250189047,26.88,33.58,217.0,4.0
250164835,30.32,32.18,217.0,3.0
250177722,25.74,31.4,215.0,3.0
250169685,21.71,32.19,212.0,3.0
250132811,29.25,33.21,211.0,4.0
250145629,25.58,33.76,211.0,3.0
250105244,26.73,32.22,210.0,4.0
250121584,25.69,31.17,209.0,4.0
250113373,25.26,33.15,209.0,3.0
250066739,30.04,30.9,208.0,3.0
250161141,27.67,30.92,206.0,4.0
250191448,30.23,30.72,206.0,3.0
250086315,24.56,33.23,204.0,4.0
250167977,23.99,32.05,203.0,4.0
250112842,26.01,30.63,203.0,3.0
250187184,23.4,33.84,201.0,4.0
250113237,26.6,30.72,201.0,3.0
250143328,25.23,31.27,200.0,3.0
250101728,21.2,32.44,200.0,3.0
250134320,26.8,31.85,198.0,4.0
250058722,23.2,30.6,198.0,3.0
250117705,24.2,33.09,196.0,4.0
250129175,26.86,32.0,196.0,4.0
250091187,22.7,31.92,196.0,3.0
250079541,21.25,30.29,196.0,3.0
250063394,21.56,29.98,193.0,3.0
250136464,21.89,31.05,193.0,3.0
250127540,23.86,31.01,192.0,4.0
250096716,22.72,32.52,192.0,4.0
250103562,23.86,31.77,191.0,3.0
250156235,23.9,30.01,190.0,4.0
250101097,23.54,33.68,190.0,4.0
250106722,23.15,32.31,190.0,3.0
74699,22.34,29.47,187.0,4.0
250049573,24.17,29.45,187.0,4.0
250088150,23.97,31.33,187.0,4.0
250106649,23.27,33.78,187.0,4.0
250121330,21.33,31.71,187.0,3.0
250104939,23.32,29.78,186.0,3.0
250088104,21.15,34.64,184.0,3.0
250128468,21.1,31.57,184.0,3.0
250066747,25.59,29.07,183.0,3.0
250089289,25.63,29.74,182.0,4.0
250187143,24.59,35.11,182.0,4.0
250128398,23.97,31.01,182.0,3.0
250065413,22.86,32.26,182.0,3.0
250091165,23.53,32.16,181.0,4.0
250091172,22.8,31.55,180.0,3.0
250110894,23.55,32.25,180.0,2.0
250172787,21.69,30.3,180.0,2.0
250181712,19.42,30.48,180.0,2.0
250110361,22.81,33.32,180.0,2.0
250024448,21.44,32.24,180.0,2.0
250026229,20.91,30.19,180.0,2.0
250169265,20.43,29.37,180.0,2.0
250041781,20.05,30.68,180.0,2.0
250122187,19.47,32.32,180.0,2.0
250052744,13.25,21.44,180.0,2.0
250138250,11.88,24.82,180.0,2.0
250087877,11.59,28.32,180.0,2.0
250099867,11.11,29.22,180.0,2.0
250077750,10.81,25.4,180.0,2.0
250028705,10.6,25.31,180.0,2.0
250090955,10.49,22.82,180.0,2.0
250089824,10.07,25.69,180.0,2.0
250079112,9.42,21.15,180.0,2.0
250011668,9.41,25.7,180.0,2.0
250073809,9.31,27.32,180.0,2.0
250080461,8.77,19.51,180.0,2.0
250091198,22.42,32.7,179.0,3.0
250113392,22.38,32.52,179.0,3.0
250101723,21.34,31.96,179.0,3.0
250155799,21.22,30.89,179.0,3.0
250146610,25.32,31.75,178.0,4.0
250091199,21.52,30.2,178.0,3.0
98023,24.9,31.41,177.0,4.0
250132829,20.61,33.12,176.0,3.0
250181460,20.77,31.91,175.0,3.0
250079383,22.0,32.27,174.0,4.0
250200231,20.45,32.94,173.0,4.0
250115436,24.23,30.67,172.0,4.0
250089719,21.48,33.49,172.0,2.0
250042631,22.38,31.68,170.0,4.0
250196543,21.48,32.56,170.0,4.0
250102308,23.45,31.21,168.0,4.0
250013058,20.55,32.75,168.0,2.0
250144965,22.67,34.31,167.0,4.0
250082469,20.77,30.83,167.0,4.0
250132886,20.96,33.76,167.0,3.0
250066156,21.13,30.41,166.0,2.0
250163777,24.16,30.51,166.0,2.0
250067295,22.37,30.13,165.0,3.0
250187837,20.34,35.62,165.0,3.0
250192048,19.35,32.25,165.0,3.0
103806,20.21,33.07,165.0,2.0
250074010,19.26,29.28,164.0,3.0
250064482,19.6,35.17,164.0,2.0
250064233,19.06,31.37,164.0,2.0
250090809,21.52,32.04,163.0,3.0
250132810,19.47,33.22,161.0,2.0
250005231,21.8,30.23,160.0,4.0
250094540,16.2,31.88,159.0,2.0
250164785,21.18,33.3,158.0,3.0
250194564,18.2,32.86,158.0,2.0
250029318,22.01,32.23,157.0,3.0
250101238,19.37,32.75,156.0,3.0
250138928,21.02,29.08,155.0,4.0
250042632,16.75,31.15,149.0,2.0
250081555,17.62,31.75,146.0,3.0
250115134,19.66,31.68,145.0,3.0
250173502,19.91,30.93,143.0,4.0
250118281,16.53,30.66,142.0,4.0
250113947,20.69,28.79,142.0,3.0
250019616,21.44,28.23,140.0,4.0
250144297,18.16,32.86,139.0,4.0
250166754,19.76,29.37,139.0,3.0
102153,14.68,32.43,139.0,2.0
250166930,19.12,30.85,138.0,3.0
250138653,17.59,34.09,138.0,3.0
250198501,17.73,33.48,137.0,4.0
250061361,17.17,32.65,137.0,3.0
250186923,15.94,32.03,137.0,2.0
250058220,16.89,32.25,135.0,3.0
250127347,16.8,35.14,135.0,2.0
250128409,17.82,33.45,132.0,4.0
250124222,17.37,34.09,132.0,3.0
250193519,15.98,34.46,132.0,3.0
250114167,17.35,31.37,131.0,3.0
250128270,16.26,34.9,131.0,3.0
250154416,17.1,30.75,128.0,3.0
250080570,16.14,31.18,128.0,3.0
250102901,14.99,34.74,125.0,3.0
1903428,14.4,33.16,125.0,2.0
250124849,17.47,31.38,124.0,3.0
250200298,17.78,29.01,123.0,4.0
250055957,16.61,32.19,123.0,3.0
250079670,14.71,33.04,123.0,2.0
250198114,15.73,29.05,123.0,2.0
250019346,15.06,31.66,123.0,2.0
250115487,14.17,31.67,121.0,3.0
250197796,14.1,29.62,120.0,2.0
1906768,16.45,29.33,120.0,2.0
250007075,7.84,25.03,120.0,2.0
250116067,18.53,30.38,119.0,2.0
250128385,14.71,32.34,118.0,4.0
250163447,15.3,33.7,118.0,3.0
250105167,14.82,33.01,117.0,4.0
250166916,15.17,34.53,117.0,3.0
250058270,14.58,31.43,117.0,2.0
250132309,14.03,35.05,117.0,2.0
250039931,12.59,32.72,117.0,2.0
250080572,16.69,29.17,116.0,3.0
250188246,14.78,33.26,116.0,2.0
250052957,12.48,31.78,116.0,2.0
250168465,17.41,30.9,114.0,4.0
250113142,13.17,33.17,114.0,3.0
50327423,14.87,31.07,112.0,3.0
250063984,13.86,33.83,110.0,4.0
250183092,13.87,32.41,110.0,4.0
250057117,15.31,31.11,108.0,2.0
250068805,13.91,32.62,107.0,3.0
250010223,14.19,29.21,107.0,3.0
250127239,13.4,29.52,107.0,3.0
250014636,15.4,28.77,106.0,2.0
250153851,12.3,34.42,106.0,2.0
250132195,13.29,33.18,105.0,3.0
250023551,12.49,31.68,105.0,2.0
250058218,13.78,25.3,104.0,2.0
250174830,13.73,30.53,104.0,2.0
250117511,12.8,33.93,104.0,2.0
250117406,14.54,30.9,103.0,4.0
250146926,13.53,30.91,103.0,4.0
250153634,15.18,33.49,103.0,3.0
250071671,14.76,32.03,103.0,3.0
250067629,12.74,33.26,103.0,3.0
250154302,11.3,31.05,103.0,2.0
250162177,14.71,32.85,102.0,4.0
250162865,14.37,33.85,102.0,4.0
250042329,12.79,29.5,102.0,2.0
250055110,13.81,32.95,101.0,3.0
250197801,12.9,33.98,101.0,2.0
250088320,11.99,32.03,101.0,2.0
250132465,14.6,31.13,100.0,3.0
250133390,10.01,31.84,99.0,3.0
250104089,13.54,30.34,98.0,3.0
250171045,12.57,33.51,98.0,2.0
250099459,13.55,31.4,97.0,3.0
250066157,12.41,32.24,97.0,3.0
250123978,10.99,32.81,97.0,2.0
250098468,12.98,29.38,97.0,2.0
250080471,12.54,31.8,97.0,2.0
250067334,11.21,30.79,96.0,2.0
250132322,11.15,31.5,96.0,2.0
250106935,13.67,30.44,94.0,3.0
250054949,12.5,33.39,94.0,3.0
250164780,12.65,31.81,93.0,2.0
250092194,11.58,33.78,92.0,2.0
250101313,13.03,32.54,92.0,2.0
250134728,11.67,32.73,92.0,2.0
250089209,12.9,32.88,91.0,4.0
250115948,11.33,33.27,91.0,2.0
250198119,11.71,32.82,90.0,3.0
250188225,10.38,32.07,90.0,3.0
1906511,10.91,32.09,90.0,3.0
250139036,13.12,29.7,90.0,1.0
250129343,12.45,31.14,90.0,1.0
250082664,12.0,31.66,90.0,1.0
250054969,11.6,27.72,90.0,1.0
250052849,11.02,31.85,90.0,1.0
250107509,11.0,30.51,90.0,1.0
250042779,10.96,29.63,90.0,1.0
250102417,10.62,30.78,90.0,1.0
250186123,10.43,29.03,90.0,1.0
250073778,10.42,28.15,90.0,1.0
250177879,10.38,30.19,90.0,1.0
250112513,10.37,29.63,90.0,1.0
108908,9.93,28.06,90.0,1.0
250182606,9.49,33.16,90.0,1.0
250055149,9.42,29.06,90.0,1.0
250174737,6.82,21.91,90.0,1.0
250029377,6.21,22.01,90.0,1.0
250090101,6.02,23.96,90.0,1.0
250081931,5.53,24.46,90.0,1.0
250117491,5.44,22.15,90.0,1.0
250007631,5.11,24.12,90.0,1.0
250193518,12.74,31.92,89.0,4.0
250089688,9.16,31.36,89.0,1.0
250056982,11.71,28.83,88.0,2.0
250141610,11.88,33.41,86.0,3.0
250121552,11.39,30.8,86.0,3.0
250064273,10.79,30.28,85.0,3.0
1905643,10.42,31.62,85.0,1.0
250063617,9.39,32.29,84.0,1.0
250107324,12.06,31.28,83.0,4.0
250003318,11.27,31.73,83.0,3.0
250061589,11.8,31.62,83.0,2.0
250137525,9.7,33.33,81.0,2.0
250172340,9.89,32.6,80.0,2.0
250193531,11.49,31.13,79.0,3.0
250199902,10.31,30.69,79.0,1.0
250097337,10.83,31.33,78.0,4.0
250101472,10.85,33.92,78.0,3.0
250178782,9.89,30.32,78.0,2.0
250144288,9.84,32.22,78.0,1.0
250091175,10.8,33.27,77.0,3.0
1902685,10.91,28.97,76.0,3.0
250077453,10.33,33.51,74.0,3.0
250174849,9.91,28.03,74.0,2.0
250027008,8.31,30.81,74.0,1.0
250121329,8.92,32.09,73.0,1.0
250142158,9.94,30.87,72.0,3.0
250063957,9.53,28.86,72.0,2.0
250123910,10.66,33.25,71.0,4.0
250174851,9.03,31.15,70.0,3.0
250187671,10.4,31.58,70.0,2.0
250112117,9.82,30.16,70.0,2.0
250193506,9.66,34.11,70.0,2.0
250058044,8.66,32.23,70.0,2.0
250153701,9.71,35.87,69.0,3.0
250056685,8.43,33.0,68.0,1.0
250194573,8.66,33.29,67.0,2.0
250117806,11.19,31.11,66.0,4.0
250015966,8.92,30.54,66.0,3.0
250177423,9.3,30.88,66.0,2.0
250118797,7.78,32.86,66.0,2.0
250055899,3.92,22.91,66.0,1.0
250105686,8.78,33.5,65.0,2.0
250163731,7.63,32.15,65.0,2.0
250197958,8.82,31.83,65.0,1.0
250090719,8.35,30.87,65.0,1.0
250117415,8.71,31.66,64.0,2.0
250138985,8.19,31.95,63.0,2.0
250105890,8.06,27.82,62.0,1.0
250022869,10.77,31.54,58.0,4.0
250020850,8.31,27.61,56.0,3.0
250014114,6.46,30.65,56.0,1.0
250197264,7.9,33.63,52.0,2.0
250135615,6.85,31.1,51.0,2.0
250008901,7.16,32.25,51.0,2.0
250196663,6.94,33.06,51.0,2.0
250187067,6.31,30.54,50.0,2.0
250101696,7.5,31.17,49.0,3.0
250176491,7.47,31.53,49.0,1.0
250129735,7.17,31.67,48.0,2.0
250056189,7.46,31.64,47.0,2.0
250081720,6.17,28.64,47.0,2.0
250089276,5.62,29.07,46.0,2.0
250128222,6.95,32.06,45.0,3.0
250136445,6.36,29.58,45.0,1.0
250180309,6.0,30.82,45.0,1.0
250194557,5.91,30.8,45.0,1.0
250088039,5.71,27.89,45.0,1.0
250105681,5.64,31.37,45.0,1.0
250165236,5.39,31.86,45.0,1.0
1902445,2.79,22.43,45.0,1.0
250121972,6.95,28.3,44.0,2.0
250181428,6.21,32.87,44.0,2.0
250041771,7.06,29.99,43.0,3.0
250130771,6.28,31.34,43.0,2.0
250172227,5.37,31.5,42.0,1.0
250122746,5.99,30.65,41.0,2.0
250006998,6.38,30.97,40.0,2.0
250185976,5.47,33.16,40.0,2.0
250143669,5.01,28.01,40.0,2.0
250161881,7.1,30.76,39.0,3.0
250024795,5.36,34.09,39.0,2.0
250177333,3.14,23.15,39.0,1.0
250123428,6.29,32.8,38.0,3.0
107044,5.52,28.25,38.0,3.0
250087967,4.65,32.45,36.0,2.0
250117471,6.06,30.01,35.0,3.0
250067749,5.31,24.46,35.0,2.0
250164781,4.69,32.14,35.0,2.0
250196664,6.08,30.84,34.0,2.0
250196665,5.11,29.82,34.0,2.0
250091841,6.67,32.1,33.0,3.0
250041564,5.43,26.0,33.0,2.0
250193534,5.4,32.82,32.0,3.0
250055109,6.24,29.7,31.0,3.0
250121536,5.01,32.0,31.0,2.0
250198274,5.36,33.36,29.0,3.0
250134190,4.71,30.93,29.0,2.0
250099399,3.61,28.66,29.0,1.0
1909868,4.13,33.07,28.0,2.0
250139255,5.05,27.86,28.0,2.0
250086709,4.18,28.02,28.0,2.0
250176187,4.33,30.49,28.0,1.0
250138626,3.53,29.81,28.0,1.0
250175393,4.75,31.66,27.0,2.0
250171667,3.52,31.23,27.0,1.0
250077644,3.43,31.98,27.0,1.0
250058215,4.6,32.24,26.0,2.0
250144964,3.44,29.29,26.0,1.0
250164004,3.02,33.4,26.0,1.0
250029862,3.72,29.8,24.0,2.0
250166680,3.41,32.47,22.0,1.0
250050416,2.99,27.09,22.0,1.0
250187620,3.82,30.82,21.0,3.0
250055216,1.25,32.06,21.0,1.0
250163186,5.07,31.14,20.0,3.0
250110159,3.28,29.46,20.0,2.0
250138982,4.68,30.18,19.0,3.0
250181082,2.86,25.66,19.0,2.0
250127024,2.43,30.15,19.0,1.0
250198120,2.14,33.0,19.0,1.0
250161142,3.54,28.97,18.0,2.0
250096737,2.97,31.12,17.0,2.0
250118912,2.85,28.44,16.0,2.0
250174602,2.47,30.75,16.0,1.0
250187899,3.97,31.79,15.0,3.0
250135607,2.56,30.87,15.0,2.0
250182794,2.61,30.22,15.0,1.0
250187320,2.48,31.81,15.0,1.0
250200307,2.45,28.44,15.0,1.0
250139101,3.28,32.35,14.0,3.0
250159294,2.53,33.41,14.0,1.0
250170137,2.5,32.35,14.0,1.0
250169763,3.41,27.18,13.0,2.0
250161761,2.59,33.64,12.0,2.0
250199913,1.97,28.39,12.0,1.0
250138623,1.88,27.54,12.0,1.0
250010259,1.73,28.92,12.0,1.0
250198122,1.66,27.85,12.0,1.0
250004986,1.63,26.69,12.0,1.0
250107089,2.04,27.88,11.0,1.0
250103561,1.41,28.79,11.0,1.0
250042521,2.86,29.11,10.0,2.0
250177597,2.21,28.15,10.0,1.0
250183510,1.98,30.44,10.0,1.0
250180810,1.83,27.91,10.0,1.0
250165221,1.47,34.62,10.0,1.0
250054393,0.67,20.81,10.0,1.0
1906553,2.86,29.44,9.0,2.0
250170117,2.06,24.32,9.0,1.0
250137395,1.94,29.33,9.0,1.0
250116699,1.22,26.41,9.0,1.0
250056861,1.87,25.5,8.0,1.0
250186116,1.61,29.3,8.0,1.0
250197800,1.58,29.55,8.0,1.0
250168996,1.47,26.98,8.0,1.0
250126267,1.86,28.22,7.0,2.0
250172594,1.23,25.67,7.0,1.0
250133903,1.13,28.0,7.0,1.0
250089626,2.25,27.45,6.0,2.0
250123020,1.42,30.78,6.0,1.0
250190378,1.26,33.64,6.0,1.0
250154458,1.22,29.28,5.0,1.0
250140936,1.07,22.57,4.0,1.0
250187793,0.97,28.55,4.0,1.0
250116759,1.0,29.19,3.0,1.0
250138999,0.89,27.47,3.0,1.0
250128391,0.73,26.8,2.0,1.0
250178067,1.12,30.11,1.0,1.0
250154309,1.02,26.67,1.0,1.0
250087431,0.98,28.29,1.0,1.0
250134952,0.9,27.86,1.0,1.0
250189107,0.78,30.61,1.0,1.0
250081341,0.77,27.91,1.0,1.0
250090398,0.73,29.62,1.0,1.0
250097935,0.71,25.88,1.0,1.0
250104128,0.4,29.33,1.0,1.0
250193442,0.33,22.44,1.0,1.0
93443,0.0,0.0,0.0,0.0
69178,0.0,0.0,0.0,0.0
250204164,0.0,0.0,0.0,0.0
250202692,0.0,0.0,0.0,0.0
250201731,0.0,0.0,0.0,0.0
250201718,0.0,0.0,0.0,0.0
250200248,0.0,0.0,0.0,0.0
250199905,0.0,0.0,0.0,0.0
250199900,0.0,0.0,0.0,0.0
250199899,0.0,0.0,0.0,0.0
250199543,0.0,0.0,0.0,0.0
250199225,0.0,0.0,0.0,0.0
250198502,0.0,0.0,0.0,0.0
250198498,0.0,0.0,0.0,0.0
250197866,0.0,0.0,0.0,0.0
250196593,0.0,0.0,0.0,0.0
250196587,0.0,0.0,0.0,0.0
250196584,0.0,0.0,0.0,0.0
250196581,0.0,0.0,0.0,0.0
250196544,0.0,0.0,0.0,0.0
250196542,0.0,0.0,0.0,0.0
250195173,0.0,0.0,0.0,0.0
250194271,0.0,0.0,0.0,0.0
250193410,0.0,0.0,0.0,0.0
250192873,0.0,0.0,0.0,0.0
250192699,0.0,0.0,0.0,0.0
250192639,0.0,0.0,0.0,0.0
250192405,0.0,0.0,0.0,0.0
250192269,0.0,0.0,0.0,0.0
250190780,0.0,0.0,0.0,0.0
250190776,0.0,0.0,0.0,0.0
250190774,0.0,0.0,0.0,0.0
250190375,0.0,0.0,0.0,0.0
250190232,0.0,0.0,0.0,0.0
250190117,0.0,0.0,0.0,0.0
250189610,0.0,0.0,0.0,0.0
250189230,0.0,0.0,0.0,0.0
250189174,0.0,0.0,0.0,0.0
250189136,0.0,0.0,0.0,0.0
250188470,0.0,0.0,0.0,0.0
250188129,0.0,0.0,0.0,0.0
250187771,0.0,0.0,0.0,0.0
250185049,0.0,0.0,0.0,0.0
250184504,0.0,0.0,0.0,0.0
250183894,0.0,0.0,0.0,0.0
250183341,0.0,0.0,0.0,0.0
250182971,0.0,0.0,0.0,0.0
250180112,0.0,0.0,0.0,0.0
250180111,0.0,0.0,0.0,0.0
250180059,0.0,0.0,0.0,0.0
250179734,0.0,0.0,0.0,0.0
250179137,0.0,0.0,0.0,0.0
250179078,0.0,0.0,0.0,0.0
250178085,0.0,0.0,0.0,0.0
250178076,0.0,0.0,0.0,0.0
250177933,0.0,0.0,0.0,0.0
250177819,0.0,0.0,0.0,0.0
250177612,0.0,0.0,0.0,0.0
250177593,0.0,0.0,0.0,0.0
250177433,0.0,0.0,0.0,0.0
250177426,0.0,0.0,0.0,0.0
250177381,0.0,0.0,0.0,0.0
250177259,0.0,0.0,0.0,0.0
250176532,0.0,0.0,0.0,0.0
250176488,0.0,0.0,0.0,0.0
250176477,0.0,0.0,0.0,0.0
250176229,0.0,0.0,0.0,0.0
250176213,0.0,0.0,0.0,0.0
250176212,0.0,0.0,0.0,0.0
250176188,0.0,0.0,0.0,0.0
250176181,0.0,0.0,0.0,0.0
250174995,0.0,0.0,0.0,0.0
250174331,0.0,0.0,0.0,0.0
250173127,0.0,0.0,0.0,0.0
250172534,0.0,0.0,0.0,0.0
250171662,0.0,0.0,0.0,0.0
250171659,0.0,0.0,0.0,0.0
250171100,0.0,0.0,0.0,0.0
250170952,0.0,0.0,0.0,0.0
250170141,0.0,0.0,0.0,0.0
250170133,0.0,0.0,0.0,0.0
250169918,0.0,0.0,0.0,0.0
250169894,0.0,0.0,0.0,0.0
250169891,0.0,0.0,0.0,0.0
250169577,0.0,0.0,0.0,0.0
250169576,0.0,0.0,0.0,0.0
250168729,0.0,0.0,0.0,0.0
250168060,0.0,0.0,0.0,0.0
250166787,0.0,0.0,0.0,0.0
250165547,0.0,0.0,0.0,0.0
250164989,0.0,0.0,0.0,0.0
250164860,0.0,0.0,0.0,0.0
250164853,0.0,0.0,0.0,0.0
250164740,0.0,0.0,0.0,0.0
250164626,0.0,0.0,0.0,0.0
250164169,0.0,0.0,0.0,0.0
250164068,0.0,0.0,0.0,0.0
250164054,0.0,0.0,0.0,0.0
250163658,0.0,0.0,0.0,0.0
250163505,0.0,0.0,0.0,0.0
250163224,0.0,0.0,0.0,0.0
250162627,0.0,0.0,0.0,0.0
250162176,0.0,0.0,0.0,0.0
250160990,0.0,0.0,0.0,0.0
250160835,0.0,0.0,0.0,0.0
250154332,0.0,0.0,0.0,0.0
250154301,0.0,0.0,0.0,0.0
250153773,0.0,0.0,0.0,0.0
250153677,0.0,0.0,0.0,0.0
250153412,0.0,0.0,0.0,0.0
250153408,0.0,0.0,0.0,0.0
250150470,0.0,0.0,0.0,0.0
250148144,0.0,0.0,0.0,0.0
250139387,0.0,0.0,0.0,0.0
250139028,0.0,0.0,0.0,0.0
250138956,0.0,0.0,0.0,0.0
250138950,0.0,0.0,0.0,0.0
250138635,0.0,0.0,0.0,0.0
250138286,0.0,0.0,0.0,0.0
250138239,0.0,0.0,0.0,0.0
250137521,0.0,0.0,0.0,0.0
250135608,0.0,0.0,0.0,0.0
250135499,0.0,0.0,0.0,0.0
250135497,0.0,0.0,0.0,0.0
250129928,0.0,0.0,0.0,0.0
250129831,0.0,0.0,0.0,0.0
250128898,0.0,0.0,0.0,0.0
250127502,0.0,0.0,0.0,0.0
250127149,0.0,0.0,0.0,0.0
250127130,0.0,0.0,0.0,0.0
250124400,0.0,0.0,0.0,0.0
250123440,0.0,0.0,0.0,0.0
250119144,0.0,0.0,0.0,0.0
250118962,0.0,0.0,0.0,0.0
250118787,0.0,0.0,0.0,0.0
250117408,0.0,0.0,0.0,0.0
250116069,0.0,0.0,0.0,0.0
250113263,0.0,0.0,0.0,0.0
250112488,0.0,0.0,0.0,0.0
250109859,0.0,0.0,0.0,0.0
250109381,0.0,0.0,0.0,0.0
250109378,0.0,0.0,0.0,0.0
250108031,0.0,0.0,0.0,0.0
250106979,0.0,0.0,0.0,0.0
250106880,0.0,0.0,0.0,0.0
250105664,0.0,0.0,0.0,0.0
250104101,0.0,0.0,0.0,0.0
250103498,0.0,0.0,0.0,0.0
250101698,0.0,0.0,0.0,0.0
250096761,0.0,0.0,0.0,0.0
250088389,0.0,0.0,0.0,0.0
250088122,0.0,0.0,0.0,0.0
250088117,0.0,0.0,0.0,0.0
250087542,0.0,0.0,0.0,0.0
250086637,0.0,0.0,0.0,0.0
250082738,0.0,0.0,0.0,0.0
250082625,0.0,0.0,0.0,0.0
250081634,0.0,0.0,0.0,0.0
250079522,0.0,0.0,0.0,0.0
250074072,0.0,0.0,0.0,0.0
250070418,0.0,0.0,0.0,0.0
250069830,0.0,0.0,0.0,0.0
250067821,0.0,0.0,0.0,0.0
250066521,0.0,0.0,0.0,0.0
250065307,0.0,0.0,0.0,0.0
250064310,0.0,0.0,0.0,0.0
250061507,0.0,0.0,0.0,0.0
250058260,0.0,0.0,0.0,0.0
250058121,0.0,0.0,0.0,0.0
250056735,0.0,0.0,0.0,0.0
250042778,0.0,0.0,0.0,0.0
250041563,0.0,0.0,0.0,0.0
250040599,0.0,0.0,0.0,0.0
250022366,0.0,0.0,0.0,0.0
250017814,0.0,0.0,0.0,0.0
250015753,0.0,0.0,0.0,0.0
250011071,0.0,0.0,0.0,0.0
250000104,0.0,0.0,0.0,0.0
108501,0.0,0.0,0.0,0.0
103827,0.0,0.0,0.0,0.0
101585,0.0,0.0,0.0,0.0
