player_name,nationality,team,field_position,goals,total_attempts,Conversion Rate (%),Country_tier
Luis Díaz,Colombia,Liverpool FC,Forward,3.0,5.0,60.0,Other Country
Sandro Kulenović,Croatia,GNK Dinamo,Forward,3.0,5.0,60.0,Other Country
Abdallah Sima,Senegal,Stade Brestois 29,Forward,3.0,6.0,50.0,Other Country
Bruno Petković,Croatia,GNK Dinamo,Forward,2.0,4.0,50.0,Other Country
Cherif Ndiaye,Senegal,FK Crvena Zvezda,Forward,1.0,2.0,50.0,Other Country
Jonathan David,Canada,LOSC Lille,Forward,4.0,8.0,50.0,Other Country
Victor  Olatunji,Nigeria,AC Sparta Praha,Forward,2.0,4.0,50.0,Other Country
Robert Lewandowski,Poland,FC Barcelona,Forward,5.0,13.0,38.46,Other Country
Kerem Aktürkoğlu,Türkiye,SL Benfica,Forward,3.0,8.0,37.5,Other Country
Julián Alvarez,Argentina,Atlético de Madrid,Forward,1.0,3.0,33.33,Other Country
