player_name,nationality,team,field_position,Clean Sheets per 90 minutes,Country_tier
Marco Carnesecchi,Italy,Atalanta BC,Goalkeeper,1.0,Top 5 European Country
Yann Sommer,Switzerland,FC Internazionale Milano,Goalkeeper,1.0,Other Country
David Raya,Spain,Arsenal FC,Goalkeeper,0.75,Top 5 European Country
Lukas Hradecky,Finland,Bayer 04 Leverkusen,Goalkeeper,0.67,Other Country
Manuel Neuer,Germany,FC Bayern München,Goalkeeper,0.57,Top 5 European Country
Franco Israel,Uruguay,Sporting Clube de Portugal,Goalkeeper,0.5,Other Country
Simon Mignolet,Belgium,Club Brugge KV,Goalkeeper,0.5,Other Country
Gregor Kobel,Switzerland,Borussia Dortmund,Goalkeeper,0.33,Other Country
Ivan Nevistić,Croatia,GNK Dinamo,Goalkeeper,0.33,Other Country
Iñaki Peña,Spain,FC Barcelona,Goalkeeper,0.33,Top 5 European Country
