player_name,nationality,team,field_position,Tackles Won (%),Country_tier
Brendan Chardonnet,France,Stade Brestois 29,Defender,100.0,Top 5 European Country
Aïssa Mandi,Algeria,LOSC Lille,Defender,80.0,Other Country
Guram Kashia,Georgia,ŠK Slovan Bratislava,Defender,80.0,Other Country
Konrad Laimer,Austria,FC Bayern München,Midfielder,80.0,Other Country
Maxime Bernauer,France,GNK Dinamo,Defender,80.0,Top 5 European Country
Pierre Lees-Melou,France,Stade Brestois 29,Midfielder,80.0,Top 5 European Country
Conor Gallagher,England,Atlético de Madrid,Midfielder,77.78,Top 5 European Country
Emanuel Aiwu,Austria,SK Sturm Graz,Defender,77.78,Other Country
Jeff Chabot,Germany,VfB Stuttgart,Defender,71.43,Top 5 European Country
Thomas Partey,Ghana,Arsenal FC,Midfielder,71.43,Other Country
