player_name,nationality,team,field_position,Assists per 90 minutes,Country_tier
Mohamed Salah,Egypt,Liverpool FC,Forward,1.08,Other Country
Arnaut Danjuma,Netherlands,Girona FC,Midfielder,0.98,Other Country
Ismael Saibari,Morocco,PSV Eindhoven,Forward,0.91,Other Country
Jeremie Frimpong,Netherlands,Bayer 04 Leverkusen,Defender,0.91,Other Country
Pedro Gonçalves,Portugal,Sporting Clube de Portugal,Midfielder,0.9,Other Country
Raphinha,Brazil,FC Barcelona,Forward,0.86,Other Country
Arne Engels,Belgium,Celtic FC,Midfielder,0.84,Other Country
Igor Paixão,Brazil,Feyenoord,Forward,0.82,Other Country
Ludovic Ajorque,France,Stade Brestois 29,Forward,0.8,Top 5 European Country
Jamal Musiala,Germany,FC Bayern München,Midfielder,0.78,Top 5 European Country
