player_name,nationality,team,field_position,Goals per 90 minutes,Country_tier
Raphinha,Brazil,FC Barcelona,Forward,1.43,Other Country
Robert Lewandowski,Poland,FC Barcelona,Forward,1.42,Other Country
Sandro Kulenović,Croatia,GNK Dinamo,Forward,1.38,Other Country
Jonathan David,Canada,LOSC Lille,Forward,1.34,Other Country
Luis Díaz,Colombia,Liverpool FC,Forward,1.28,Other Country
Harry Kane,England,FC Bayern München,Forward,1.25,Top 5 European Country
Viktor Gyökeres,Sweden,Sporting Clube de Portugal,Forward,1.25,Other Country
Abdallah Sima,Senegal,Stade Brestois 29,Forward,1.2,Other Country
Jamie Gittens,England,Borussia Dortmund,Midfielder,1.11,Top 5 European Country
Antoni Milambo,Netherlands,Feyenoord,Midfielder,1.09,Other Country
