player_name,goals,nationality,team,Country_tier
Harry Kane,5.0,England,FC Bayern München,Top 5 European Country
Viktor Gyökeres,5.0,Sweden,Sporting Clube de Portugal,Other Country
Robert Lewandowski,5.0,Poland,FC Barcelona,Other Country
Raphinha,5.0,Brazil,FC Barcelona,Other Country
Vinícius Júnior,4.0,Brazil,Real Madrid C.F.,Other Country
Jonathan David,4.0,Canada,LOSC Lille,Other Country
Tijjani Reijnders,3.0,Netherlands,AC Milan,Other Country
Florian Wirtz,3.0,Germany,Bayer 04 Leverkusen,Top 5 European Country
Erling Haaland,3.0,Norway,Manchester City,Other Country
Dušan Vlahović,3.0,Serbia,Juventus,Other Country
