player_name,nationality,team,field_position,passes_completed,passes_attempted,Pass Completion Rate (%),Country_tier
Tijjani Reijnders,Netherlands,AC Milan,Midfielder,166.0,173.0,95.95,Other Country
Atakan Karazor,Türkiye,VfB Stuttgart,Midfielder,266.0,278.0,95.68,Other Country
Florentino,Portugal,SL Benfica,Midfielder,127.0,133.0,95.49,Other Country
İlkay Gündoğan,Germany,Manchester City,Midfielder,225.0,237.0,94.94,Top 5 European Country
Denis Zakaria,Switzerland,AS Monaco,Midfielder,164.0,173.0,94.8,Other Country
Aleix García,Spain,Bayer 04 Leverkusen,Midfielder,197.0,209.0,94.26,Top 5 European Country
Manuel Locatelli,Italy,Juventus,Midfielder,141.0,150.0,94.0,Top 5 European Country
Ayyoub Bouaddi,France,LOSC Lille,Midfielder,75.0,80.0,93.75,Top 5 European Country
Marten de Roon,Netherlands,Atalanta BC,Midfielder,238.0,254.0,93.7,Other Country
Konrad Laimer,Austria,FC Bayern München,Midfielder,118.0,126.0,93.65,Other Country
