player_name,assists,nationality,team,Country_tier
Mohamed Salah,4.0,Egypt,Liverpool FC,Other Country
Joshua Kimmich,3.0,Germany,FC Bayern München,Top 5 European Country
Jules Koundé,3.0,France,FC Barcelona,Top 5 European Country
Ludovic Ajorque,3.0,France,Stade Brestois 29,Top 5 European Country
Igor Paixão,3.0,Brazil,Feyenoord,Other Country
Arne Engels,3.0,Belgium,Celtic FC,Other Country
Raphinha,3.0,Brazil,FC Barcelona,Other Country
Jeremie Frimpong,3.0,Netherlands,Bayer 04 Leverkusen,Other Country
Marko Pjaca,3.0,Croatia,GNK Dinamo,Other Country
Malik Tillman,2.0,USA,PSV Eindhoven,Other Country
